"EventProcessedUtcTime","PartitionId","EventEnqueuedUtcTime","metadata_deviceType","metadata_studentId","metadata_uid","telemetry_temperature","telemetry_pressure","telemetry_humidity","telemetry_windSpeed","telemetry_windDirection","IoTHub_ConnectionDeviceId"
2019-07-04T15:01:08.1913245Z,1,2019-07-04T15:01:08.1340000Z,"WeatherStation","4C2C5A3B","D571DFDC113A181D",30.399999618530273,1030.66455078125,79.4000015258789,30.200042724609375,234,"cwf-mx-001"
2019-07-04T15:01:28.9166490Z,1,2019-07-04T15:01:28.8110000Z,"WeatherStation","4C2C5A3B","D7B2696B38DEA1A4",29.5,1030.67529296875,70.5999984741211,11.199994087219238,239,"cwf-mx-001"
2019-07-04T15:01:39.0659054Z,1,2019-07-04T15:01:39.0460000Z,"WeatherStation","4C2C5A3B","509E18341ADCE74D",27.899999618530273,1030.69287109375,65.699996948242188,11.199994087219238,174,"cwf-mx-001"
2019-07-04T15:02:09.4759460Z,1,2019-07-04T15:02:09.3880000Z,"WeatherStation","4C2C5A3B","ABF9B2E387A048C1",24.799999237060547,1030.688720703125,66.5,11.199994087219238,149,"cwf-mx-001"
2019-07-04T15:02:40.9255484Z,1,2019-07-04T15:02:40.8760000Z,"WeatherStation","4C2C5A3B","9F210CF59950D23C",23.200000762939453,1030.64453125,73.699996948242188,11.199994087219238,117,"cwf-mx-001"
2019-07-04T15:03:11.3767746Z,1,2019-07-04T15:03:11.2980000Z,"WeatherStation","4C2C5A3B","C874563CF6D50EA4",27.299999237060547,1030.68310546875,81.199996948242188,14.199991226196289,255,"cwf-mx-001"
2019-07-04T15:03:41.7167904Z,1,2019-07-04T15:03:41.6510000Z,"WeatherStation","4C2C5A3B","FA0FD99E479FACFE",25.200000762939453,1030.660888671875,70.0999984741211,11.399993896484375,215,"cwf-mx-001"
2019-07-04T15:04:12.3687074Z,1,2019-07-04T15:04:12.3190000Z,"WeatherStation","4C2C5A3B","93091E68AC4E5042",26.5,1030.612060546875,75.4000015258789,10.199995040893555,196,"cwf-mx-001"
2019-07-04T15:04:42.8436100Z,1,2019-07-04T15:04:42.7620000Z,"WeatherStation","4C2C5A3B","F31FDEB60673BC5F",28.299999237060547,1030.70751953125,67.300003051757813,17.199993133544922,210,"cwf-mx-001"
2019-07-04T15:05:13.1929011Z,1,2019-07-04T15:05:13.1140000Z,"WeatherStation","4C2C5A3B","781953CE1DEA49D0",26.700000762939453,1030.687255859375,66.4000015258789,17.599994659423828,205,"cwf-mx-001"
2019-07-04T15:05:34.0290749Z,1,2019-07-04T15:05:34.0000000Z,"WeatherStation","4C2C5A3B","1FD5E0744758A4C2",24.5,1030.69287109375,66.5,17.599994659423828,204,"cwf-mx-001"
2019-07-04T15:05:54.8579175Z,1,2019-07-04T15:05:54.8110000Z,"WeatherStation","4C2C5A3B","90076A53FA2C8D94",26.100000381469727,1030.698486328125,70.300003051757813,21.200008392333984,207,"cwf-mx-001"
2019-07-04T15:06:15.7865519Z,1,2019-07-04T15:06:15.7090000Z,"WeatherStation","4C2C5A3B","9A4E8E283F1826E3",24.700000762939453,1030.650390625,69.300003051757813,21.200008392333984,206,"cwf-mx-001"
2019-07-04T15:06:26.3035894Z,1,2019-07-04T15:06:26.2740000Z,"WeatherStation","4C2C5A3B","27B2E2254E07E64A",24.299999237060547,1030.639404296875,69.699996948242188,21.200008392333984,207,"cwf-mx-001"
2019-07-04T15:06:36.7099023Z,1,2019-07-04T15:06:36.6580000Z,"WeatherStation","4C2C5A3B","E3FA5EBAAB3B6078",23.799999237060547,1030.721923828125,70.9000015258789,21.200008392333984,207,"cwf-mx-001"
2019-07-04T15:06:47.0045758Z,1,2019-07-04T15:06:46.9780000Z,"WeatherStation","4C2C5A3B","0AD614DC9FFAE680",23.600000381469727,1030.68310546875,72,21.200008392333984,208,"cwf-mx-001"
2019-07-04T15:06:57.6202669Z,1,2019-07-04T15:06:57.4970000Z,"WeatherStation","4C2C5A3B","8314EDCFB21CE186",23.299999237060547,1030.654541015625,73.199996948242188,21.200008392333984,207,"cwf-mx-001"
2019-07-04T15:07:08.0185222Z,1,2019-07-04T15:07:07.9250000Z,"WeatherStation","4C2C5A3B","53E4C13E476C8EDB",23.200000762939453,1030.662841796875,74,21.200008392333984,207,"cwf-mx-001"
2019-07-04T15:07:18.3827924Z,1,2019-07-04T15:07:18.2580000Z,"WeatherStation","4C2C5A3B","0CC7FFFBFE96E1DB",22.899999618530273,1030.66796875,74.800003051757813,21.200008392333984,207,"cwf-mx-001"
2019-07-04T15:07:28.5477050Z,1,2019-07-04T15:07:28.4780000Z,"WeatherStation","4C2C5A3B","F4147E7E16D52342",22.799999237060547,1030.693115234375,75.5999984741211,21.200008392333984,208,"cwf-mx-001"
2019-07-04T15:07:39.5117296Z,1,2019-07-04T15:07:39.5000000Z,"WeatherStation","4C2C5A3B","D5743DD9B577F4F2",22.600000381469727,1030.65380859375,76.5,21.200008392333984,207,"cwf-mx-001"
2019-07-04T15:07:49.6900587Z,1,2019-07-04T15:07:49.6270000Z,"WeatherStation","4C2C5A3B","3C5635FF780A4087",22.5,1030.633056640625,77.300003051757813,21.200008392333984,208,"cwf-mx-001"
2019-07-04T15:07:59.8712584Z,1,2019-07-04T15:07:59.8470000Z,"WeatherStation","4C2C5A3B","9E1BFE02AA0F093E",22.399999618530273,1030.649169921875,78.199996948242188,21.200008392333984,207,"cwf-mx-001"
2019-07-04T15:08:10.5962712Z,1,2019-07-04T15:08:10.5130000Z,"WeatherStation","4C2C5A3B","7E5030D9FEDCFCC3",22.299999237060547,1030.663330078125,78.5999984741211,21.200008392333984,208,"cwf-mx-001"
2019-07-04T15:08:21.0199824Z,1,2019-07-04T15:08:20.9900000Z,"WeatherStation","4C2C5A3B","D78B887083D6464C",22.299999237060547,1030.6689453125,79.699996948242188,21.200008392333984,207,"cwf-mx-001"
2019-07-04T15:08:31.3169518Z,1,2019-07-04T15:08:31.2260000Z,"WeatherStation","4C2C5A3B","4A7F7E6AAE8FC813",22.200000762939453,1030.707763671875,80.4000015258789,21.200008392333984,207,"cwf-mx-001"
2019-07-04T15:08:49.2709962Z,1,2019-07-04T15:08:49.1750000Z,"WeatherStation","4C2C5A3B","FA96E9D8656DDBDE",22.100000381469727,1030.679931640625,81.0999984741211,18.599998474121094,220,"cwf-mx-001"
2019-07-04T15:08:59.4528900Z,1,2019-07-04T15:08:59.3510000Z,"WeatherStation","4C2C5A3B","3DF4BC10B1BFCE81",23.5,1030.6708984375,83.699996948242188,13.999991416931152,212,"cwf-mx-001"
2019-07-04T15:09:20.0742587Z,1,2019-07-04T15:09:20.0350000Z,"WeatherStation","4C2C5A3B","AE0FD6DFF8F7A0F6",22.799999237060547,1030.63623046875,82,13.999991416931152,211,"cwf-mx-001"
2019-07-04T15:09:50.9451652Z,1,2019-07-04T15:09:50.8950000Z,"WeatherStation","4C2C5A3B","747A942E14C8A590",21.600000381469727,1030.634033203125,84.199996948242188,19.200000762939453,156,"cwf-mx-001"
2019-07-04T15:10:22.0622627Z,1,2019-07-04T15:10:21.9500000Z,"WeatherStation","4C2C5A3B","E84618DB42F9C776",21.100000381469727,1030.675048828125,87.300003051757813,24.200019836425781,155,"cwf-mx-001"
2019-07-04T15:10:42.6793125Z,1,2019-07-04T15:10:42.6410000Z,"WeatherStation","4C2C5A3B","B56073E62BA0C642",21,1030.651123046875,89,24.200019836425781,153,"cwf-mx-001"
2019-07-04T15:10:53.7657670Z,1,2019-07-04T15:10:53.6790000Z,"WeatherStation","4C2C5A3B","7334AD2DBE4FCCBA",21,1030.648193359375,89.5999984741211,24.200019836425781,155,"cwf-mx-001"
2019-07-04T15:11:04.3013391Z,1,2019-07-04T15:11:04.1990000Z,"WeatherStation","4C2C5A3B","7334AD2DBE4FCCBA",21,1030.66455078125,90.199996948242188,24.200019836425781,155,"cwf-mx-001"
2019-07-04T15:11:15.2578564Z,1,2019-07-04T15:11:15.1420000Z,"WeatherStation","4C2C5A3B","9847ABC2F3D3D004",20.899999618530273,1030.65380859375,90.699996948242188,24.200019836425781,155,"cwf-mx-001"
2019-07-04T15:11:25.7734441Z,1,2019-07-04T15:11:25.6650000Z,"WeatherStation","4C2C5A3B","9847ABC2F3D3D004",20.899999618530273,1030.679443359375,90.800003051757813,24.200019836425781,155,"cwf-mx-001"
2019-07-04T15:11:36.6172623Z,1,2019-07-04T15:11:36.5810000Z,"WeatherStation","4C2C5A3B","B56073E62BA0C642",21,1030.68017578125,91.199996948242188,24.200019836425781,153,"cwf-mx-001"
2019-07-04T15:11:47.2432815Z,1,2019-07-04T15:11:47.1490000Z,"WeatherStation","4C2C5A3B","9847ABC2F3D3D004",20.899999618530273,1030.677978515625,91.699996948242188,24.200019836425781,155,"cwf-mx-001"
2019-07-04T15:11:58.0704610Z,1,2019-07-04T15:11:57.9340000Z,"WeatherStation","4C2C5A3B","65D33F5F0490E677",20.899999618530273,1030.634521484375,92.0999984741211,24.200019836425781,156,"cwf-mx-001"
2019-07-04T15:12:08.3628160Z,1,2019-07-04T15:12:08.2690000Z,"WeatherStation","4C2C5A3B","90F4CFA6E4CF7D4B",21,1030.625732421875,92.5999984741211,19,165,"cwf-mx-001"
2019-07-04T15:12:18.8795627Z,1,2019-07-04T15:12:18.7880000Z,"WeatherStation","4C2C5A3B","FDEAD8D10566DBFA",21.100000381469727,1030.626953125,93.199996948242188,24.000019073486328,157,"cwf-mx-001"
2019-07-04T15:12:39.7271506Z,1,2019-07-04T15:12:39.6900000Z,"WeatherStation","4C2C5A3B","76A9A9F68BB14A5C",21.399999618530273,1030.624267578125,94.9000015258789,23.200016021728516,253,"cwf-mx-001"
2019-07-04T15:12:50.2423657Z,1,2019-07-04T15:12:50.1320000Z,"WeatherStation","4C2C5A3B","4FE16A15F4D7F416",22.799999237060547,1030.709228515625,97.300003051757813,25.800025939941406,261,"cwf-mx-001"
2019-07-04T15:13:00.6518562Z,1,2019-07-04T15:13:00.6390000Z,"WeatherStation","4C2C5A3B","3C8F242BB4A2F04C",24.100000381469727,1030.648193359375,98.0999984741211,16.399990081787109,260,"cwf-mx-001"
2019-07-04T15:13:11.1709771Z,1,2019-07-04T15:13:11.0650000Z,"WeatherStation","4C2C5A3B","B463940083056B05",23.899999618530273,1030.673583984375,93.300003051757813,15.799989700317383,178,"cwf-mx-001"
2019-07-04T15:13:31.6609256Z,1,2019-07-04T15:13:31.5870000Z,"WeatherStation","4C2C5A3B","701E01A68C87978E",22.700000762939453,1030.6796875,88.0999984741211,15.799989700317383,179,"cwf-mx-001"
2019-07-04T15:13:51.9428016Z,1,2019-07-04T15:13:51.8450000Z,"WeatherStation","4C2C5A3B","E06FE8B84C85688C",22.200000762939453,1030.673095703125,87.300003051757813,8.1999969482421875,178,"cwf-mx-001"
2019-07-04T15:14:12.3933553Z,1,2019-07-04T15:14:12.3310000Z,"WeatherStation","4C2C5A3B","EBC079F21A72AAC7",21.799999237060547,1030.717529296875,87.0999984741211,8.1999969482421875,179,"cwf-mx-001"
2019-07-04T15:14:42.7345145Z,1,2019-07-04T15:14:42.6190000Z,"WeatherStation","4C2C5A3B","D3D6222AED02FBD7",21.600000381469727,1030.687744140625,90.5,18.399997711181641,177,"cwf-mx-001"
2019-07-04T15:15:13.1602888Z,1,2019-07-04T15:15:13.0390000Z,"WeatherStation","4C2C5A3B","1CE9A83839D7FD30",21.600000381469727,1030.650146484375,89.699996948242188,18.399997711181641,201,"cwf-mx-001"
2019-07-04T15:15:33.6150095Z,1,2019-07-04T15:15:33.5290000Z,"WeatherStation","4C2C5A3B","B74046A12376ABCE",21.100000381469727,1030.68359375,89.800003051757813,18.399997711181641,200,"cwf-mx-001"
2019-07-04T15:15:53.8397332Z,1,2019-07-04T15:15:53.7100000Z,"WeatherStation","4C2C5A3B","3B33BD62A97F374D",21.100000381469727,1030.710693359375,91,24.000019073486328,202,"cwf-mx-001"
2019-07-04T15:16:14.3086635Z,1,2019-07-04T15:16:14.2020000Z,"WeatherStation","4C2C5A3B","7B5DA81990F1B515",20.899999618530273,1030.671142578125,91.199996948242188,24.000019073486328,202,"cwf-mx-001"
2019-07-04T15:16:24.3769510Z,1,2019-07-04T15:16:24.3170000Z,"WeatherStation","4C2C5A3B","7766A4DC3BCA47AE",20.700000762939453,1030.68603515625,91.300003051757813,24.000019073486328,202,"cwf-mx-001"
2019-07-04T15:16:34.5598946Z,1,2019-07-04T15:16:34.4500000Z,"WeatherStation","4C2C5A3B","9A88453EF6A2FA76",20.600000381469727,1030.67138671875,91.800003051757813,24.000019073486328,202,"cwf-mx-001"
2019-07-04T15:16:45.2856486Z,1,2019-07-04T15:16:45.1680000Z,"WeatherStation","4C2C5A3B","FAFA4B6275EAF672",20.399999618530273,1030.666015625,92.5,24.000019073486328,202,"cwf-mx-001"
2019-07-04T15:16:55.6828309Z,1,2019-07-04T15:16:55.5980000Z,"WeatherStation","4C2C5A3B","AD70DAF25963B0B3",20.299999237060547,1030.6796875,93.0999984741211,24.000019073486328,202,"cwf-mx-001"
2019-07-04T15:17:06.2660551Z,1,2019-07-04T15:17:06.2250000Z,"WeatherStation","4C2C5A3B","0F00CDF0AAF7C273",20.200000762939453,1030.6552734375,93.699996948242188,24.000019073486328,202,"cwf-mx-001"
2019-07-04T15:17:16.7581578Z,1,2019-07-04T15:17:16.6520000Z,"WeatherStation","4C2C5A3B","DC3CED6150FC42A1",21.299999237060547,1030.65869140625,98,18.599998474121094,258,"cwf-mx-001"
2019-07-04T15:17:27.3731392Z,1,2019-07-04T15:17:27.2780000Z,"WeatherStation","4C2C5A3B","F1F9079916DDF497",22.200000762939453,1030.656005859375,96.9000015258789,16.799991607666016,107,"cwf-mx-001"
2019-07-04T15:17:47.5308288Z,1,2019-07-04T15:17:47.4630000Z,"WeatherStation","4C2C5A3B","8D7490CC42A246BB",21.100000381469727,1030.6376953125,93.300003051757813,16.799991607666016,108,"cwf-mx-001"
2019-07-04T15:18:07.9995880Z,1,2019-07-04T15:18:07.9520000Z,"WeatherStation","4C2C5A3B","10FAB5DA4CF19F9C",20.700000762939453,1030.66357421875,93.199996948242188,16.799991607666016,109,"cwf-mx-001"
2019-07-04T15:18:28.3356253Z,1,2019-07-04T15:18:28.2470000Z,"WeatherStation","4C2C5A3B","85779A82C4D0D18E",20.399999618530273,1030.6611328125,93.699996948242188,16.799991607666016,110,"cwf-mx-001"
2019-07-04T15:18:49.2426912Z,1,2019-07-04T15:18:49.1270000Z,"WeatherStation","4C2C5A3B","9BF7992FFF49947D",20.299999237060547,1030.656982421875,94.300003051757813,16.799991607666016,109,"cwf-mx-001"
2019-07-04T15:19:09.7338545Z,1,2019-07-04T15:19:09.6220000Z,"WeatherStation","4C2C5A3B","360B7A5F1BFC29F1",20.100000381469727,1030.6982421875,95.300003051757813,9.7999954223632813,172,"cwf-mx-001"
2019-07-04T15:19:30.0608783Z,1,2019-07-04T15:19:30.0150000Z,"WeatherStation","4C2C5A3B","A97832E72E012D18",20,1030.647216796875,96.4000015258789,9.7999954223632813,173,"cwf-mx-001"
2019-07-04T15:20:00.6814257Z,1,2019-07-04T15:20:00.6090000Z,"WeatherStation","4C2C5A3B","298F9C64288B63D4",20,1030.672119140625,97.699996948242188,10.199995040893555,173,"cwf-mx-001"
2019-07-04T15:20:31.3349103Z,1,2019-07-04T15:20:31.2250000Z,"WeatherStation","4C2C5A3B","44CC66F2998A6492",22.100000381469727,1030.644775390625,100,15.199990272521973,252,"cwf-mx-001"
2019-07-04T15:21:01.5554901Z,1,2019-07-04T15:21:01.4990000Z,"WeatherStation","4C2C5A3B","CAFBD5F2744CE1BF",22.399999618530273,1030.71630859375,93.300003051757813,8.9999961853027344,181,"cwf-mx-001"
2019-07-04T15:21:22.0213460Z,1,2019-07-04T15:21:21.9500000Z,"WeatherStation","4C2C5A3B","9C851C4AB9B159E7",21.600000381469727,1030.745361328125,91.9000015258789,8.9999961853027344,179,"cwf-mx-001"
2019-07-04T15:22:00.9093375Z,1,2019-07-04T15:22:00.8190000Z,"WeatherStation","4C2C5A3B","8FC0E24A9D4DF567",21.600000381469727,1030.724853515625,93.4000015258789,26.200027465820313,168,"cwf-mx-001"
2019-07-04T15:22:31.5492128Z,1,2019-07-04T15:22:31.4240000Z,"WeatherStation","4C2C5A3B","93963578EB40361A",21,1030.6845703125,92.4000015258789,26.200027465820313,168,"cwf-mx-001"
2019-07-04T15:22:41.6201094Z,1,2019-07-04T15:22:41.5200000Z,"WeatherStation","4C2C5A3B","93963578EB40361A",21,1030.698974609375,92.9000015258789,26.200027465820313,168,"cwf-mx-001"
2019-07-04T15:22:51.8094763Z,1,2019-07-04T15:22:51.7490000Z,"WeatherStation","4C2C5A3B","750A2F324C505D3A",20.899999618530273,1030.70361328125,93,26.200027465820313,168,"cwf-mx-001"
2019-07-04T15:23:02.1040563Z,1,2019-07-04T15:23:02.0640000Z,"WeatherStation","4C2C5A3B","09181B94653F45B0",20.799999237060547,1030.72802734375,93.0999984741211,26.200027465820313,168,"cwf-mx-001"
2019-07-04T15:23:12.6151705Z,1,2019-07-04T15:23:12.5210000Z,"WeatherStation","4C2C5A3B","A6CE469F23A5CC9F",22.200000762939453,1030.773193359375,95.699996948242188,16.399990081787109,257,"cwf-mx-001"
2019-07-04T15:23:23.0177444Z,1,2019-07-04T15:23:22.9180000Z,"WeatherStation","4C2C5A3B","239C380961BBBC3C",22.200000762939453,1030.75634765625,94.5999984741211,13.799991607666016,205,"cwf-mx-001"
2019-07-04T15:23:43.3204621Z,1,2019-07-04T15:23:43.2070000Z,"WeatherStation","4C2C5A3B","E4DF7C95123ED517",21.700000762939453,1030.760986328125,92.0999984741211,13.799991607666016,204,"cwf-mx-001"
2019-07-04T15:24:13.8394039Z,1,2019-07-04T15:24:13.7670000Z,"WeatherStation","4C2C5A3B","F0300446DF51D83E",21.200000762939453,1030.738525390625,91.4000015258789,13.799991607666016,204,"cwf-mx-001"
2019-07-04T15:24:44.2225286Z,1,2019-07-04T15:24:44.2130000Z,"WeatherStation","4C2C5A3B","65164E70D610EAD8",21.600000381469727,1030.7666015625,92.4000015258789,12.999992370605469,193,"cwf-mx-001"
2019-07-04T15:25:14.5941870Z,1,2019-07-04T15:25:14.5640000Z,"WeatherStation","4C2C5A3B","4A5D95E0E8729384",21.100000381469727,1030.732666015625,92.5,20.000003814697266,197,"cwf-mx-001"
2019-07-04T15:25:45.0563675Z,1,2019-07-04T15:25:45.0040000Z,"WeatherStation","4C2C5A3B","4C1530AA45211BB7",20.799999237060547,1030.740234375,93.699996948242188,19.600002288818359,203,"cwf-mx-001"
2019-07-04T15:25:55.5525378Z,1,2019-07-04T15:25:55.4220000Z,"WeatherStation","4C2C5A3B","A6BDE181E6307933",20.700000762939453,1030.742431640625,94.199996948242188,8.7999963760375977,201,"cwf-mx-001"
2019-07-04T15:26:15.6970402Z,1,2019-07-04T15:26:15.6310000Z,"WeatherStation","4C2C5A3B","F52919B8E11893A1",20.600000381469727,1030.78125,94.5,8.7999963760375977,201,"cwf-mx-001"
2019-07-04T15:26:45.9974548Z,1,2019-07-04T15:26:45.8890000Z,"WeatherStation","4C2C5A3B","59FC076640A0F1D0",20.600000381469727,1030.74267578125,95.699996948242188,9.7999954223632813,195,"cwf-mx-001"
2019-07-04T15:27:16.4321984Z,1,2019-07-04T15:27:16.3270000Z,"WeatherStation","4C2C5A3B","5275C2CC113A2529",20.600000381469727,1030.735595703125,96.199996948242188,16.999992370605469,198,"cwf-mx-001"
2019-07-04T15:27:47.0914833Z,1,2019-07-04T15:27:46.9660000Z,"WeatherStation","4C2C5A3B","47DD8B782F844889",20.5,1030.7529296875,96.4000015258789,16.999992370605469,199,"cwf-mx-001"
2019-07-04T15:28:07.3265368Z,1,2019-07-04T15:28:07.2690000Z,"WeatherStation","4C2C5A3B","5960EC18A42F6344",20.600000381469727,1030.7529296875,97.800003051757813,18.199996948242188,197,"cwf-mx-001"
2019-07-04T15:28:28.0404431Z,1,2019-07-04T15:28:27.9600000Z,"WeatherStation","4C2C5A3B","94E323DA67CB832A",22.600000381469727,1030.7177734375,100,15.399990081787109,198,"cwf-mx-001"
2019-07-04T15:28:49.0646547Z,1,2019-07-04T15:28:48.9740000Z,"WeatherStation","4C2C5A3B","647B2D327B4F8AEA",22.100000381469727,1030.7509765625,94.300003051757813,11.999993324279785,191,"cwf-mx-001"
2019-07-04T15:29:09.4282229Z,1,2019-07-04T15:29:09.3420000Z,"WeatherStation","4C2C5A3B","359AED8E8F17F601",21.200000762939453,1030.69140625,93,11.999993324279785,191,"cwf-mx-001"
2019-07-04T15:29:39.6642466Z,1,2019-07-04T15:29:39.5900000Z,"WeatherStation","4C2C5A3B","3F761D91372569D7",20.600000381469727,1030.74609375,93.800003051757813,11.999993324279785,190,"cwf-mx-001"
2019-07-04T15:30:10.4084308Z,1,2019-07-04T15:30:10.3750000Z,"WeatherStation","4C2C5A3B","B06DB82E9AE60EF6",20.899999618530273,1030.70263671875,96.199996948242188,27.000030517578125,118,"cwf-mx-001"
2019-07-04T15:30:40.9409150Z,1,2019-07-04T15:30:40.9260000Z,"WeatherStation","4C2C5A3B","1CE77C9B9106EDD7",20.399999618530273,1030.689453125,96.699996948242188,27.000030517578125,117,"cwf-mx-001"
2019-07-04T15:30:51.1407312Z,1,2019-07-04T15:30:51.0210000Z,"WeatherStation","4C2C5A3B","8FE614DF5F236A92",20.299999237060547,1030.663818359375,96.9000015258789,27.000030517578125,118,"cwf-mx-001"
2019-07-04T15:31:01.5407662Z,1,2019-07-04T15:31:01.4510000Z,"WeatherStation","4C2C5A3B","C19EABFFD3960B84",20.200000762939453,1030.66357421875,97.300003051757813,27.000030517578125,118,"cwf-mx-001"
2019-07-04T15:31:11.6094797Z,1,2019-07-04T15:31:11.5800000Z,"WeatherStation","4C2C5A3B","5E6C58D6E0889AE1",20.299999237060547,1030.633544921875,97.800003051757813,27.000030517578125,214,"cwf-mx-001"
2019-07-04T15:31:22.1009120Z,1,2019-07-04T15:31:22.0190000Z,"WeatherStation","4C2C5A3B","0B5C9423B5935D0D",20,1030.639892578125,98.699996948242188,39.600078582763672,217,"cwf-mx-001"
2019-07-04T15:31:32.5127820Z,1,2019-07-04T15:31:32.3970000Z,"WeatherStation","4C2C5A3B","2FCB5C9A32BDB14B",19.899999618530273,1030.659423828125,99.5,39.600078582763672,219,"cwf-mx-001"
2019-07-04T15:31:42.6970939Z,1,2019-07-04T15:31:42.6360000Z,"WeatherStation","4C2C5A3B","AA16D9C89DB1D310",19.899999618530273,1030.6572265625,100,39.600078582763672,220,"cwf-mx-001"
2019-07-04T15:31:52.9891481Z,1,2019-07-04T15:31:52.9660000Z,"WeatherStation","4C2C5A3B","8C3940A141556846",20,1030.714599609375,100,39.600078582763672,220,"cwf-mx-001"
2019-07-04T15:32:03.8346608Z,1,2019-07-04T15:32:03.8040000Z,"WeatherStation","4C2C5A3B","7791CBB5EECC41F6",19.899999618530273,1030.63916015625,100,49.600116729736328,219,"cwf-mx-001"
2019-07-04T15:32:14.0316497Z,1,2019-07-04T15:32:13.9190000Z,"WeatherStation","4C2C5A3B","D8CAA8E75AE22362",20,1030.64306640625,100,37.600070953369141,228,"cwf-mx-001"
2019-07-04T15:32:24.2004656Z,1,2019-07-04T15:32:24.1450000Z,"WeatherStation","4C2C5A3B","59A6678D93FAFBA4",20.100000381469727,1030.657470703125,100,27.000030517578125,225,"cwf-mx-001"
2019-07-04T15:32:34.7042777Z,1,2019-07-04T15:32:34.5990000Z,"WeatherStation","4C2C5A3B","79DEFB290392C9BA",20,1030.642578125,100,27.000030517578125,225,"cwf-mx-001"
2019-07-04T15:32:44.9884483Z,1,2019-07-04T15:32:44.8890000Z,"WeatherStation","4C2C5A3B","C5092F589EA0689A",20,1030.654541015625,100,27.000030517578125,223,"cwf-mx-001"
2019-07-04T15:32:55.0593906Z,1,2019-07-04T15:32:55.0070000Z,"WeatherStation","4C2C5A3B","4B60F13360834B7E",20,1030.684814453125,100,27.000030517578125,224,"cwf-mx-001"
2019-07-04T15:33:05.2259177Z,1,2019-07-04T15:33:05.1680000Z,"WeatherStation","4C2C5A3B","4B60F13360834B7E",20,1030.628173828125,100,27.000030517578125,224,"cwf-mx-001"
2019-07-04T15:33:15.5095505Z,1,2019-07-04T15:33:15.3880000Z,"WeatherStation","4C2C5A3B","3FDD70B2155F9BBA",20.100000381469727,1030.682373046875,100,22.600013732910156,228,"cwf-mx-001"
2019-07-04T15:33:26.1133774Z,1,2019-07-04T15:33:26.0810000Z,"WeatherStation","4C2C5A3B","D05F3C083603E79A",20.200000762939453,1030.702392578125,100,19.800003051757813,224,"cwf-mx-001"
2019-07-04T15:33:36.8457754Z,1,2019-07-04T15:33:36.8050000Z,"WeatherStation","4C2C5A3B","083E58BC84488B38",20.100000381469727,1030.707763671875,100,19.800003051757813,223,"cwf-mx-001"
2019-07-04T15:33:57.2370779Z,1,2019-07-04T15:33:57.1750000Z,"WeatherStation","4C2C5A3B","083E58BC84488B38",20.100000381469727,1030.68359375,100,19.800003051757813,223,"cwf-mx-001"
2019-07-04T15:34:17.7036183Z,1,2019-07-04T15:34:17.5870000Z,"WeatherStation","4C2C5A3B","083E58BC84488B38",20.100000381469727,1030.666015625,100,19.800003051757813,223,"cwf-mx-001"
2019-07-04T15:34:37.8645182Z,1,2019-07-04T15:34:37.8210000Z,"WeatherStation","4C2C5A3B","4312890EC61833EC",20.200000762939453,1030.697265625,100,13.599991798400879,229,"cwf-mx-001"
2019-07-04T15:34:58.6483906Z,1,2019-07-04T15:34:58.5610000Z,"WeatherStation","4C2C5A3B","91604890654DC430",20.100000381469727,1030.678466796875,100,13.599991798400879,226,"cwf-mx-001"
2019-07-04T15:35:29.2107699Z,1,2019-07-04T15:35:29.1200000Z,"WeatherStation","4C2C5A3B","B3487D4AA42440CA",20.200000762939453,1030.697265625,100,19,220,"cwf-mx-001"
2019-07-04T15:35:59.5821453Z,1,2019-07-04T15:35:59.5020000Z,"WeatherStation","4C2C5A3B","5F265B24F7D1E62C",20.5,1030.650634765625,100,14.199991226196289,211,"cwf-mx-001"
2019-07-04T15:36:19.9576681Z,1,2019-07-04T15:36:19.8810000Z,"WeatherStation","4C2C5A3B","35D51CF8F5A8ECAC",20.399999618530273,1030.64697265625,99.5999984741211,14.199991226196289,211,"cwf-mx-001"
2019-07-04T15:36:50.1936099Z,1,2019-07-04T15:36:50.1430000Z,"WeatherStation","4C2C5A3B","F26453A6A69E97CA",20.799999237060547,1030.705078125,99.5999984741211,22.400012969970703,210,"cwf-mx-001"
2019-07-04T15:37:20.4101784Z,1,2019-07-04T15:37:20.3710000Z,"WeatherStation","4C2C5A3B","21057634A89339F3",22.5,1030.6865234375,99,12.399992942810059,212,"cwf-mx-001"
2019-07-04T15:37:31.1487605Z,1,2019-07-04T15:37:31.0310000Z,"WeatherStation","4C2C5A3B","BB6E3F39951E7EA4",22.100000381469727,1030.70654296875,96.300003051757813,12.399992942810059,208,"cwf-mx-001"
2019-07-04T15:38:01.6268821Z,1,2019-07-04T15:38:01.5930000Z,"WeatherStation","4C2C5A3B","73325856D0800612",25.5,1030.70263671875,91.5,8.9999961853027344,192,"cwf-mx-001"
2019-07-04T15:38:31.8589249Z,1,2019-07-04T15:38:31.8150000Z,"WeatherStation","4C2C5A3B","A63E645F67E8436A",22.799999237060547,1030.732177734375,84.4000015258789,8.9999961853027344,189,"cwf-mx-001"
2019-07-04T15:39:02.4088322Z,1,2019-07-04T15:39:02.3630000Z,"WeatherStation","4C2C5A3B","4C5573DB2283CF8D",21.700000762939453,1030.71630859375,85.5999984741211,8.9999961853027344,188,"cwf-mx-001"
2019-07-04T15:39:32.6636675Z,1,2019-07-04T15:39:32.6100000Z,"WeatherStation","4C2C5A3B","CAA2B1196486B654",23.399999618530273,1030.7119140625,86,21.200008392333984,189,"cwf-mx-001"
2019-07-04T15:40:03.1561341Z,1,2019-07-04T15:40:03.0760000Z,"WeatherStation","4C2C5A3B","3B88CDC6F858A3B8",22.100000381469727,1030.711669921875,84.800003051757813,21.200008392333984,186,"cwf-mx-001"
2019-07-04T15:40:14.6547106Z,1,2019-07-04T15:40:14.5980000Z,"WeatherStation","4C2C5A3B","EF64077DEE5AF69D",21.700000762939453,1030.704833984375,85.699996948242188,21.200008392333984,186,"cwf-mx-001"
2019-07-04T15:40:24.8019427Z,1,2019-07-04T15:40:24.7270000Z,"WeatherStation","4C2C5A3B","01D72A38FB6ED252",21.5,1030.73095703125,86.199996948242188,21.200008392333984,186,"cwf-mx-001"
2019-07-04T15:40:35.4223978Z,1,2019-07-04T15:40:35.3440000Z,"WeatherStation","4C2C5A3B","CF03EFAB50B90FD3",21.299999237060547,1030.66015625,87.199996948242188,21.200008392333984,186,"cwf-mx-001"
2019-07-04T15:40:45.7274371Z,1,2019-07-04T15:40:45.6780000Z,"WeatherStation","4C2C5A3B","B2B6B800B4AC4B9D",21.200000762939453,1030.6513671875,88.0999984741211,21.200008392333984,186,"cwf-mx-001"
2019-07-04T15:40:56.1467287Z,1,2019-07-04T15:40:56.1010000Z,"WeatherStation","4C2C5A3B","09E96DCFD384B0CE",21.100000381469727,1030.673828125,88.9000015258789,9.3999958038330078,190,"cwf-mx-001"
2019-07-04T15:41:06.4279672Z,1,2019-07-04T15:41:06.4020000Z,"WeatherStation","4C2C5A3B","E5890A0A9D17D20B",20.899999618530273,1030.7001953125,89.800003051757813,9.3999958038330078,191,"cwf-mx-001"
2019-07-04T15:41:36.8678665Z,1,2019-07-04T15:41:36.7590000Z,"WeatherStation","4C2C5A3B","E3834FBBF84A1C90",20.700000762939453,1030.650634765625,91.9000015258789,9.3999958038330078,204,"cwf-mx-001"
2019-07-04T15:42:07.4984395Z,1,2019-07-04T15:42:07.4220000Z,"WeatherStation","4C2C5A3B","8C0CBE248E3DFC16",20.5,1030.682373046875,93.699996948242188,9.3999958038330078,198,"cwf-mx-001"
2019-07-04T15:42:37.9532069Z,1,2019-07-04T15:42:37.8570000Z,"WeatherStation","4C2C5A3B","018E8E22BE8C5E5C",21.600000381469727,1030.681640625,97.5999984741211,14.999990463256836,195,"cwf-mx-001"
2019-07-04T15:43:08.8985422Z,1,2019-07-04T15:43:08.8680000Z,"WeatherStation","4C2C5A3B","E35B78BB6E26DF5E",22.299999237060547,1030.68994140625,89.5,16.599990844726563,195,"cwf-mx-001"
2019-07-04T15:43:39.3747829Z,1,2019-07-04T15:43:39.2860000Z,"WeatherStation","4C2C5A3B","4DD2722027693531",22,1030.701416015625,89.0999984741211,21.200008392333984,196,"cwf-mx-001"
2019-07-04T15:43:59.6250476Z,1,2019-07-04T15:43:59.5650000Z,"WeatherStation","4C2C5A3B","C5351574BDB6FAFD",21.5,1030.736328125,88.800003051757813,21.200008392333984,188,"cwf-mx-001"
2019-07-04T15:44:09.9133457Z,1,2019-07-04T15:44:09.8000000Z,"WeatherStation","4C2C5A3B","E8BB944C6FB89A17",21.299999237060547,1030.68701171875,89.300003051757813,21.200008392333984,205,"cwf-mx-001"
2019-07-04T15:44:19.9840650Z,1,2019-07-04T15:44:19.9120000Z,"WeatherStation","4C2C5A3B","14E1B284E1ED69EB",21.100000381469727,1030.7373046875,89.800003051757813,21.000007629394531,194,"cwf-mx-001"
2019-07-04T15:44:30.0567956Z,1,2019-07-04T15:44:30.0220000Z,"WeatherStation","4C2C5A3B","6D325AFD21C56EE2",20.799999237060547,1030.699462890625,90.4000015258789,16.599990844726563,190,"cwf-mx-001"
2019-07-04T15:44:40.2324205Z,1,2019-07-04T15:44:40.1530000Z,"WeatherStation","4C2C5A3B","56C83B3B81916D3F",20.600000381469727,1030.678955078125,91.300003051757813,16.599990844726563,191,"cwf-mx-001"
2019-07-04T15:45:00.7957341Z,1,2019-07-04T15:45:00.7370000Z,"WeatherStation","4C2C5A3B","F27C934FB1BFE988",20.5,1030.693115234375,93.0999984741211,16.599990844726563,198,"cwf-mx-001"
2019-07-04T15:45:21.1684676Z,1,2019-07-04T15:45:21.0490000Z,"WeatherStation","4C2C5A3B","0AB9A3A5F51EC093",21.200000762939453,1030.711669921875,95.9000015258789,21.600009918212891,215,"cwf-mx-001"
2019-07-04T15:45:41.7972997Z,1,2019-07-04T15:45:41.6970000Z,"WeatherStation","4C2C5A3B","CD0EDA18EB538D5B",22.5,1030.71240234375,92.300003051757813,27.600032806396484,197,"cwf-mx-001"
2019-07-04T15:45:52.6243102Z,1,2019-07-04T15:45:52.5520000Z,"WeatherStation","4C2C5A3B","07B2CB524B8E8A19",22.899999618530273,1030.652099609375,92,26.800029754638672,204,"cwf-mx-001"
2019-07-04T15:46:02.8224035Z,1,2019-07-04T15:46:02.7770000Z,"WeatherStation","4C2C5A3B","AEA14863F2CB58D3",22.799999237060547,1030.68408203125,90.9000015258789,17.999996185302734,197,"cwf-mx-001"
2019-07-04T15:46:13.4424311Z,1,2019-07-04T15:46:13.3960000Z,"WeatherStation","4C2C5A3B","A939AC3BC817BC6E",22.399999618530273,1030.6806640625,89.699996948242188,17.999996185302734,200,"cwf-mx-001"
2019-07-04T15:46:33.7160190Z,1,2019-07-04T15:46:33.6980000Z,"WeatherStation","4C2C5A3B","0D36F0C9D1CD2D0B",21.799999237060547,1030.653564453125,89.0999984741211,14.7999906539917,197,"cwf-mx-001"
2019-07-04T15:46:54.1701359Z,1,2019-07-04T15:46:54.0760000Z,"WeatherStation","4C2C5A3B","4769E7A629FBCEC9",21.5,1030.65185546875,89.699996948242188,14.7999906539917,197,"cwf-mx-001"
2019-07-04T15:47:24.3866803Z,1,2019-07-04T15:47:24.3240000Z,"WeatherStation","4C2C5A3B","D2EEA98A82717100",21.399999618530273,1030.686767578125,91.699996948242188,19.600002288818359,197,"cwf-mx-001"
2019-07-04T15:47:54.7184258Z,1,2019-07-04T15:47:54.6680000Z,"WeatherStation","4C2C5A3B","C9E0FD68191C4F88",21.100000381469727,1030.600341796875,92.300003051757813,22.000011444091797,196,"cwf-mx-001"
2019-07-04T15:48:14.9525702Z,1,2019-07-04T15:48:14.8780000Z,"WeatherStation","4C2C5A3B","BE8BDAE7A0EB93AD",21,1030.618896484375,92.699996948242188,22.000011444091797,196,"cwf-mx-001"
2019-07-04T15:48:25.4470960Z,1,2019-07-04T15:48:25.3800000Z,"WeatherStation","4C2C5A3B","E358006ED6F52EA8",21.100000381469727,1030.6328125,93.300003051757813,12.799992561340332,204,"cwf-mx-001"
2019-07-04T15:48:35.9619256Z,1,2019-07-04T15:48:35.8390000Z,"WeatherStation","4C2C5A3B","9BC7F81D44F6C416",21,1030.66064453125,93.300003051757813,10.199995040893555,106,"cwf-mx-001"
2019-07-04T15:49:06.4159325Z,1,2019-07-04T15:49:06.3660000Z,"WeatherStation","4C2C5A3B","CE24F38084189B88",23,1030.6669921875,95.300003051757813,6.5999984741210938,174,"cwf-mx-001"
2019-07-04T15:49:36.7024202Z,1,2019-07-04T15:49:36.6340000Z,"WeatherStation","4C2C5A3B","095740A2A700FB94",20.5,1030.637939453125,91.699996948242188,6.5999984741210938,164,"cwf-mx-001"
2019-07-04T15:50:07.1163500Z,1,2019-07-04T15:50:07.0240000Z,"WeatherStation","4C2C5A3B","70E786DE72097448",19.700000762939453,1030.613037109375,95.4000015258789,6.5999984741210938,161,"cwf-mx-001"
2019-07-04T15:50:37.9686441Z,1,2019-07-04T15:50:37.8300000Z,"WeatherStation","4C2C5A3B","ABF86334C05BF612",19.5,1030.60107421875,98.300003051757813,6.5999984741210938,161,"cwf-mx-001"
2019-07-04T15:51:08.8577847Z,1,2019-07-04T15:51:08.7820000Z,"WeatherStation","4C2C5A3B","E3109F2E0DE9F5A1",19.100000381469727,1030.640380859375,100,6.5999984741210938,161,"cwf-mx-001"
2019-07-04T15:51:39.0981321Z,1,2019-07-04T15:51:39.0180000Z,"WeatherStation","4C2C5A3B","2951E9F038544C70",21.100000381469727,1030.626708984375,100,17.799995422363281,194,"cwf-mx-001"
2019-07-04T15:52:10.5860599Z,1,2019-07-04T15:52:10.5410000Z,"WeatherStation","4C2C5A3B","1396F9C41663D5BD",22.5,1030.645751953125,97.300003051757813,22.000011444091797,164,"cwf-mx-001"
2019-07-04T15:52:30.8467554Z,1,2019-07-04T15:52:30.7900000Z,"WeatherStation","4C2C5A3B","D3082A3C5CA19AAB",22.200000762939453,1030.609619140625,94,22.000011444091797,169,"cwf-mx-001"
2019-07-04T15:52:41.1351294Z,1,2019-07-04T15:52:41.0040000Z,"WeatherStation","4C2C5A3B","8AD0C6E0B2A67DA5",22.200000762939453,1030.59033203125,93,12.799992561340332,179,"cwf-mx-001"
2019-07-04T15:52:53.0572214Z,1,2019-07-04T15:52:53.0380000Z,"WeatherStation","4C2C5A3B","19A077E76236D19A",21.899999618530273,1030.59423828125,91.699996948242188,12.799992561340332,248,"cwf-mx-001"
2019-07-04T15:53:23.5107639Z,1,2019-07-04T15:53:23.4110000Z,"WeatherStation","4C2C5A3B","5D7774DA8EDC5437",28.100000381469727,1030.621337890625,83.699996948242188,16.599990844726563,165,"cwf-mx-001"
2019-07-04T15:53:54.2902863Z,1,2019-07-04T15:53:54.2490000Z,"WeatherStation","4C2C5A3B","054F3844D9B7F308",30,1030.697998046875,75.199996948242188,21.400009155273438,198,"cwf-mx-001"
2019-07-04T15:54:14.6591846Z,1,2019-07-04T15:54:14.5570000Z,"WeatherStation","4C2C5A3B","C0234A60C775860F",28.399999618530273,1030.68994140625,67.9000015258789,21.400009155273438,171,"cwf-mx-001"
2019-07-04T15:54:25.0660492Z,1,2019-07-04T15:54:24.9670000Z,"WeatherStation","4C2C5A3B","0BA4802A5C2DB95F",27.700000762939453,1030.64892578125,67.0999984741211,21.400009155273438,170,"cwf-mx-001"
2019-07-04T15:54:35.1476101Z,1,2019-07-04T15:54:35.0880000Z,"WeatherStation","4C2C5A3B","69D0AE1B0A453007",27,1030.646240234375,66.9000015258789,21.400009155273438,168,"cwf-mx-001"
2019-07-04T15:54:45.4502267Z,1,2019-07-04T15:54:45.4060000Z,"WeatherStation","4C2C5A3B","AC80FB23D3884181",26.700000762939453,1030.6650390625,67.4000015258789,18.599998474121094,171,"cwf-mx-001"
2019-07-04T15:54:55.6310406Z,1,2019-07-04T15:54:55.5320000Z,"WeatherStation","4C2C5A3B","2D4A91054703E994",26.399999618530273,1030.666748046875,69.699996948242188,12.399992942810059,168,"cwf-mx-001"
2019-07-04T15:55:15.8011924Z,1,2019-07-04T15:55:15.7230000Z,"WeatherStation","4C2C5A3B","D145FC36908B3FD4",25.299999237060547,1030.654052734375,69.5,17.199993133544922,168,"cwf-mx-001"
2019-07-04T15:55:46.0472944Z,1,2019-07-04T15:55:45.9660000Z,"WeatherStation","4C2C5A3B","3F2C5005BA454588",29,1030.646484375,74.199996948242188,28.000034332275391,210,"cwf-mx-001"
2019-07-04T15:56:06.6133793Z,1,2019-07-04T15:56:06.5650000Z,"WeatherStation","4C2C5A3B","897FBEB1FF98B974",30.100000381469727,1030.663330078125,69,28.000034332275391,212,"cwf-mx-001"
2019-07-04T15:56:16.7122434Z,1,2019-07-04T15:56:16.6760000Z,"WeatherStation","4C2C5A3B","5162284B4E00B7F1",30.5,1030.6884765625,67.300003051757813,28.000034332275391,209,"cwf-mx-001"
2019-07-04T15:56:27.0222151Z,1,2019-07-04T15:56:26.9120000Z,"WeatherStation","4C2C5A3B","92924A8F213BF47B",30.799999237060547,1030.667724609375,66,28.000034332275391,207,"cwf-mx-001"
2019-07-04T15:56:37.6314311Z,1,2019-07-04T15:56:37.5410000Z,"WeatherStation","4C2C5A3B","BD6164D7719D1D77",31.100000381469727,1030.677001953125,65,21.000007629394531,213,"cwf-mx-001"
2019-07-04T15:56:47.7318601Z,1,2019-07-04T15:56:47.6510000Z,"WeatherStation","4C2C5A3B","DF0CA742846352BC",31.399999618530273,1030.68505859375,65.9000015258789,11.999993324279785,206,"cwf-mx-001"
2019-07-04T15:56:57.9241081Z,1,2019-07-04T15:56:57.8780000Z,"WeatherStation","4C2C5A3B","9CDF31F0A2ECB790",31.799999237060547,1030.716064453125,65.9000015258789,2.200000524520874,213,"cwf-mx-001"
2019-07-04T15:57:28.2703096Z,1,2019-07-04T15:57:28.2290000Z,"WeatherStation","4C2C5A3B","1F2A2D774EF60A49",33.299999237060547,1030.73486328125,62,10.999994277954102,242,"cwf-mx-001"
2019-07-04T15:57:59.8065938Z,1,2019-07-04T15:57:59.7050000Z,"WeatherStation","4C2C5A3B","B88FAF90EA372568",29.200000762939453,1030.67529296875,55.900001525878906,17.799995422363281,202,"cwf-mx-001"
2019-07-04T15:58:30.1311581Z,1,2019-07-04T15:58:30.0460000Z,"WeatherStation","4C2C5A3B","91C0CAABBE14446B",27.399999618530273,1030.7138671875,63,26.800029754638672,195,"cwf-mx-001"
2019-07-04T15:58:50.8270426Z,1,2019-07-04T15:58:50.7070000Z,"WeatherStation","4C2C5A3B","906430F09EE13681",26,1030.689208984375,62.900001525878906,26.800029754638672,200,"cwf-mx-001"
2019-07-04T15:59:00.9056162Z,1,2019-07-04T15:59:00.8650000Z,"WeatherStation","4C2C5A3B","F77FAA3804C9929C",25.5,1030.67333984375,63.700000762939453,22.800014495849609,201,"cwf-mx-001"
2019-07-04T15:59:11.4138294Z,1,2019-07-04T15:59:11.3830000Z,"WeatherStation","4C2C5A3B","06DAB0DBC61F9240",25.100000381469727,1030.659423828125,64.5999984741211,16.399990081787109,201,"cwf-mx-001"
2019-07-04T15:59:21.7072019Z,1,2019-07-04T15:59:21.6040000Z,"WeatherStation","4C2C5A3B","28D14F68E47B263C",24.799999237060547,1030.692138671875,65.199996948242188,16.399990081787109,203,"cwf-mx-001"
2019-07-04T15:59:42.5190141Z,1,2019-07-04T15:59:42.4110000Z,"WeatherStation","4C2C5A3B","6301D727DA5AF502",24.5,1030.634521484375,67.300003051757813,10.199995040893555,202,"cwf-mx-001"
2019-07-04T16:00:02.6485459Z,1,2019-07-04T16:00:02.5820000Z,"WeatherStation","4C2C5A3B","45ED971C835E4CDF",23.899999618530273,1030.60400390625,69.4000015258789,21.600009918212891,197,"cwf-mx-001"
2019-07-04T16:00:32.9875988Z,1,2019-07-04T16:00:32.9510000Z,"WeatherStation","4C2C5A3B","4762DE189762CF99",23.700000762939453,1030.662109375,71.5999984741211,15.599989891052246,195,"cwf-mx-001"
2019-07-04T16:00:43.1429001Z,1,2019-07-04T16:00:43.0650000Z,"WeatherStation","4C2C5A3B","3B1A443721B584B8",24.700000762939453,1030.664794921875,73.9000015258789,12.199993133544922,216,"cwf-mx-001"
2019-07-04T16:01:03.2704056Z,1,2019-07-04T16:01:03.2480000Z,"WeatherStation","4C2C5A3B","70078EE3945304BB",22.5,1030.665771484375,72.5999984741211,12.199993133544922,140,"cwf-mx-001"
