{
    "$schema": "https://schema.management.azure.com/schemas/2015-01-01/deploymentParameters.json#",
    "contentVersion": "1.0.0.0",
    "parameters": {
        "accounts_iotdla4c2c5a3b_defaultDataLakeStoreAccount": {
            "value": null
        },
        "accounts_iotdla4c2c5a3b_dataLakeStoreAccounts": {
            "value": null
        },
        "sites_iot_func_4C2C5A3B_name": {
            "value": null
        },
        "IotHubs_iot_hub_4C2C5A3B_name": {
            "value": null
        },
        "accounts_iotdls4c2c5a3b_name": {
            "value": null
        },
        "serverfarms_iot_func_4C2C5A3BPlan_name": {
            "value": null
        },
        "storageAccounts_iotblob4c2c5a3b_name": {
            "value": null
        },
        "accounts_iotdla4c2c5a3b_name": {
            "value": null
        },
        "provisioningServices_iot_dps_4C2C5A3B_name": {
            "value": null
        },
        "streamingjobs_iot_asa_4C2C5A3B_name": {
            "value": null
        },
        "databaseAccounts_iot_cosmos_4c2c5a3b_name": {
            "value": null
        }
    }
}